Malvina Langosh,Eaque exercitationem maiores in commodi et incidunt debitis atque possimus.,-78.49163424039519,-113.15243411731876,2020-12-06T07:33:18.591765886Z,4,4
Nathaniel Romaguera,Qui ipsa qui dolorum est ipsum reprehenderit qui consequatur architecto.,39.227395385766755,123.39064187903767,2020-12-06T04:08:34.171759591Z,8,2
Jack Fahey,Velit ipsum eum eum ratione harum libero et deserunt enim.,64.60567890701248,57.29412314769408,2020-12-06T13:02:33.577013282Z,6,4
Elwin Spinka,Consequatur excepturi dolor eum nulla magni optio velit laudantium vel.,123.22238200140674,17.45200967645826,2020-12-06T00:04:54.437193445Z,6,23
Lou Conn,Iste recusandae inventore velit consequuntur odit fugit fugiat nihil sint.,-10.936001739869283,-47.28982450627689,2020-12-06T11:56:06.947209319Z,8,40
Meda Ritchie,Recusandae animi inventore qui dolore est consequatur laborum ipsa qui.,-59.21175655091103,-155.19647478437747,2020-12-06T11:44:15.110024102Z,6,20
Susan Feest,Dolorem excepturi sint vel fugiat saepe quo sit reiciendis molestiae.,-100.0669689225228,-103.22383218285276,2020-12-06T08:33:07.341266403Z,6,36
Dayna Rempel,Doloribus vel natus vel autem nemo in sint quidem qui.,40.2624878885172,7.010600291770373,2020-12-06T13:12:51.461494069Z,0,14
Jennifer Roob,Qui consequatur architecto suscipit fuga nisi ut reprehenderit voluptate aut.,-34.20283050074909,-3.525828667898139,2020-12-05T14:26:52.09347275Z,8,20
Velva DuBuque,Corrupti aut aut placeat nulla sint consequatur consequuntur culpa alias.,-33.3946932063796,-104.09250202677535,2020-12-05T15:25:44.330663877Z,9,19
Antonietta Volkman,Eos aut quia repudiandae facere vel et ut dolorum omnis.,-57.307411245839674,-31.822258184576498,2020-12-06T01:06:53.574120232Z,10,15
